"accuracy","precision","recall","f1"
0.873303167420814,0.883091910567379,0.863313351345266,0.871094633056883
